Team 1,Team 2,Winner,Ground,Date
New Zealand,Australia,Australia,Eden Park,17/02/2005
England,Australia,England,The Rose Bowl,13/06/2005
South Africa,New Zealand,New Zealand,Wanderers Stadium,21/10/2005
Australia,South Africa,Australia,Brisbane Cricket Ground,09/01/2006
New Zealand,West Indies,New Zealand,Eden Park,16/02/2006
South Africa,Australia,South Africa,Wanderers Stadium,24/02/2006
England,Sri Lanka,Sri Lanka,The Rose Bowl,15/06/2006
England,Pakistan,Pakistan,County Ground (Bristol),28/08/2006
Bangladesh,Zimbabwe,Bangladesh,Sheikh Abu Naser Stadium,28/11/2006
South Africa,India,India,Wanderers Stadium,01/12/2006
New Zealand,Sri Lanka,Sri Lanka,Westpac Stadium,22/12/2006
New Zealand,Sri Lanka,New Zealand,Eden Park,26/12/2006
Australia,England,Australia,Sydney Cricket Ground,09/01/2007
South Africa,Pakistan,South Africa,Wanderers Stadium,02/02/2007
England,West Indies,West Indies,Kennington Oval,28/06/2007
England,West Indies,England,Kennington Oval,29/06/2007
Bangladesh,Pakistan,Pakistan,Gymkhana Club Ground,02/09/2007
South Africa,West Indies,South Africa,Wanderers Stadium,11/09/2007
Pakistan,Scotland,Pakistan,Kingsmead,12/09/2007
Australia,Zimbabwe,Zimbabwe,Newlands,12/09/2007
Bangladesh,West Indies,Bangladesh,Wanderers Stadium,13/09/2007
England,Zimbabwe,England,Newlands,13/09/2007
India,Scotland,No result,Kingsmead,13/09/2007
Australia,England,Australia,Newlands,14/09/2007
India,Pakistan,India,Kingsmead,14/09/2007
New Zealand,Sri Lanka,Sri Lanka,Wanderers Stadium,15/09/2007
South Africa,Bangladesh,South Africa,Newlands,15/09/2007
India,New Zealand,New Zealand,Wanderers Stadium,16/09/2007
Australia,Bangladesh,Australia,Newlands,16/09/2007
South Africa,England,South Africa,Newlands,16/09/2007
Pakistan,Sri Lanka,Pakistan,Wanderers Stadium,17/09/2007
England,New Zealand,New Zealand,Kingsmead,18/09/2007
Australia,Pakistan,Pakistan,Wanderers Stadium,18/09/2007
Bangladesh,Sri Lanka,Sri Lanka,Wanderers Stadium,18/09/2007
South Africa,New Zealand,South Africa,Kingsmead,19/09/2007
England,India,India,Kingsmead,19/09/2007
Australia,Sri Lanka,Australia,Newlands,20/09/2007
Bangladesh,Pakistan,Pakistan,Newlands,20/09/2007
South Africa,India,India,Kingsmead,20/09/2007
New Zealand,Pakistan,Pakistan,Newlands,22/09/2007
Australia,India,India,Kingsmead,22/09/2007
India,Pakistan,India,Wanderers Stadium,24/09/2007
India,Australia,India,Brabourne Stadium,20/10/2007
South Africa,New Zealand,South Africa,Wanderers Stadium,23/11/2007
Australia,New Zealand,Australia,WACA Ground,11/12/2007
South Africa,West Indies,West Indies,St George's Park,16/12/2007
South Africa,West Indies,South Africa,Wanderers Stadium,18/01/2008
Australia,India,Australia,Melbourne Cricket Ground,01/02/2008
New Zealand,England,England,Eden Park,05/02/2008
New Zealand,England,England,AMI Stadium,07/02/2008
Pakistan,Bangladesh,Pakistan,National Stadium (Karachi),20/04/2008
England,New Zealand,England,Old Trafford,13/06/2008
West Indies,Australia,West Indies,Kensington Oval,20/06/2008
Ireland,Scotland,Ireland,Civil Service Cricket Club,02/08/2008
Netherlands,Scotland,Netherlands,Civil Service Cricket Club,04/08/2008
Ireland,Netherlands,No result,Civil Service Cricket Club,05/08/2008
England,South Africa,Match abandoned,Riverside Ground,20/08/2008
Sri Lanka,Zimbabwe,Sri Lanka,Maple Leaf North - West Ground,10/10/2008
Pakistan,Sri Lanka,Pakistan,Maple Leaf North - West Ground,11/10/2008
Pakistan,Zimbabwe,Pakistan,Maple Leaf North - West Ground,12/10/2008
Pakistan,Sri Lanka,Sri Lanka,Maple Leaf North - West Ground,13/10/2008
South Africa,Bangladesh,South Africa,Wanderers Stadium,05/11/2008
New Zealand,West Indies,West Indies,Eden Park,26/12/2008
New Zealand,West Indies,New Zealand,Seddon Park,28/12/2008
Australia,South Africa,Australia,Melbourne Cricket Ground,11/01/2009
Australia,South Africa,Australia,Brisbane Cricket Ground,13/01/2009
Sri Lanka,India,India,R Premadasa Stadium,10/02/2009
Australia,New Zealand,Australia,Sydney Cricket Ground,15/02/2009
New Zealand,India,New Zealand,AMI Stadium,25/02/2009
New Zealand,India,New Zealand,Westpac Stadium,27/02/2009
West Indies,England,West Indies,Queen's Park Oval,15/03/2009
South Africa,Australia,South Africa,Wanderers Stadium,27/03/2009
South Africa,Australia,South Africa,SuperSport Park,29/03/2009
Pakistan,Australia,Pakistan,Dubai International Cricket Stadium,07/05/2009
England,Netherlands,Netherlands,Lord's,05/06/2009
New Zealand,Scotland,New Zealand,Kennington Oval,06/06/2009
Australia,West Indies,West Indies,Kennington Oval,06/06/2009
Bangladesh,India,India,Trent Bridge,06/06/2009
Scotland,South Africa,South Africa,Kennington Oval,07/06/2009
England,Pakistan,England,Kennington Oval,07/06/2009
Bangladesh,Ireland,Ireland,Trent Bridge,08/06/2009
Australia,Sri Lanka,Sri Lanka,Trent Bridge,08/06/2009
Netherlands,Pakistan,Pakistan,Lord's,09/06/2009
New Zealand,South Africa,South Africa,Lord's,09/06/2009
Sri Lanka,West Indies,Sri Lanka,Trent Bridge,10/06/2009
India,Ireland,India,Trent Bridge,10/06/2009
Ireland,New Zealand,New Zealand,Trent Bridge,11/06/2009
England,South Africa,South Africa,Trent Bridge,11/06/2009
Pakistan,Sri Lanka,Sri Lanka,Lord's,12/06/2009
India,West Indies,West Indies,Lord's,12/06/2009
South Africa,West Indies,South Africa,Kennington Oval,13/06/2009
New Zealand,Pakistan,Pakistan,Kennington Oval,13/06/2009
Ireland,Sri Lanka,Sri Lanka,Lord's,14/06/2009
England,India,England,Lord's,14/06/2009
Ireland,Pakistan,Pakistan,Kennington Oval,15/06/2009
England,West Indies,West Indies,Kennington Oval,15/06/2009
New Zealand,Sri Lanka,Sri Lanka,Trent Bridge,16/06/2009
India,South Africa,South Africa,Trent Bridge,16/06/2009
Pakistan,South Africa,Pakistan,Trent Bridge,18/06/2009
Sri Lanka,West Indies,Sri Lanka,Kennington Oval,19/06/2009
Pakistan,Sri Lanka,Pakistan,Lord's,21/06/2009
West Indies,Bangladesh,West Indies,Warner Park,02/08/2009
Sri Lanka,Pakistan,Pakistan,R Premadasa Stadium,12/08/2009
England,Australia,No result,Old Trafford,30/08/2009
England,Australia,Match abandoned,Old Trafford,01/09/2009
Sri Lanka,New Zealand,New Zealand,R Premadasa Stadium,02/09/2009
Sri Lanka,New Zealand,New Zealand,R Premadasa Stadium,04/09/2009
Pakistan,New Zealand,Pakistan,Dubai International Cricket Stadium,12/11/2009
South Africa,England,England,Wanderers Stadium,13/11/2009
Pakistan,New Zealand,Pakistan,Dubai International Cricket Stadium,13/11/2009
South Africa,England,South Africa,SuperSport Park,15/11/2009
India,Sri Lanka,Sri Lanka,Vidarbha Cricket Association Stadium,09/12/2009
India,Sri Lanka,India,Punjab Cricket Association IS Bindra Stadium,12/12/2009
Afghanistan,Ireland,Ireland,P Sara Oval,01/02/2010
New Zealand,Bangladesh,New Zealand,Seddon Park,03/02/2010
Australia,Pakistan,Australia,Melbourne Cricket Ground,05/02/2010
Afghanistan,Ireland,Afghanistan,Dubai International Cricket Stadium,09/02/2010
Afghanistan,Scotland,Afghanistan,Sheikh Zayed Stadium,10/02/2010
Ireland,Scotland,Ireland,Dubai International Cricket Stadium,11/02/2010
Afghanistan,Netherlands,Netherlands,Dubai International Cricket Stadium,12/02/2010
Ireland,Netherlands,Ireland,Dubai International Cricket Stadium,13/02/2010
Afghanistan,Ireland,Afghanistan,Dubai International Cricket Stadium,13/02/2010
Pakistan,England,England,Dubai International Cricket Stadium,19/02/2010
Pakistan,England,Pakistan,Dubai International Cricket Stadium,20/02/2010
Australia,West Indies,Australia,Bellerive Oval,21/02/2010
Australia,West Indies,Australia,Sydney Cricket Ground,23/02/2010
New Zealand,Australia,Australia,Westpac Stadium,26/02/2010
West Indies,Zimbabwe,Zimbabwe,Queen's Park Oval,28/02/2010
New Zealand,Australia,New Zealand,AMI Stadium,28/02/2010
New Zealand,Sri Lanka,New Zealand,Providence Stadium,30/04/2010
West Indies,Ireland,West Indies,Providence Stadium,30/04/2010
Afghanistan,India,India,Daren Sammy National Cricket Stadium,01/05/2010
Bangladesh,Pakistan,Pakistan,Daren Sammy National Cricket Stadium,01/05/2010
India,South Africa,India,Daren Sammy National Cricket Stadium,02/05/2010
Australia,Pakistan,Australia,Daren Sammy National Cricket Stadium,02/05/2010
Sri Lanka,Zimbabwe,Sri Lanka,Providence Stadium,03/05/2010
West Indies,England,West Indies,Providence Stadium,03/05/2010
New Zealand,Zimbabwe,New Zealand,Providence Stadium,04/05/2010
England,Ireland,No result,Providence Stadium,04/05/2010
Australia,Bangladesh,Australia,Kensington Oval,05/05/2010
Afghanistan,South Africa,South Africa,Kensington Oval,05/05/2010
England,Pakistan,England,Kensington Oval,06/05/2010
New Zealand,South Africa,South Africa,Kensington Oval,06/05/2010
Australia,India,Australia,Kensington Oval,07/05/2010
West Indies,Sri Lanka,Sri Lanka,Kensington Oval,07/05/2010
New Zealand,Pakistan,New Zealand,Kensington Oval,08/05/2010
England,South Africa,England,Kensington Oval,08/05/2010
West Indies,India,West Indies,Kensington Oval,09/05/2010
Australia,Sri Lanka,Australia,Kensington Oval,09/05/2010
Pakistan,South Africa,Pakistan,Daren Sammy National Cricket Stadium,10/05/2010
England,New Zealand,England,Daren Sammy National Cricket Stadium,10/05/2010
India,Sri Lanka,Sri Lanka,Daren Sammy National Cricket Stadium,11/05/2010
West Indies,Australia,Australia,Daren Sammy National Cricket Stadium,11/05/2010
England,Sri Lanka,England,Daren Sammy National Cricket Stadium,13/05/2010
Australia,Pakistan,Australia,Daren Sammy National Cricket Stadium,14/05/2010
Australia,England,England,Kensington Oval,16/05/2010
West Indies,South Africa,South Africa,Sir Vivian Richards Stadium,19/05/2010
West Indies,South Africa,South Africa,Sir Vivian Richards Stadium,20/05/2010
New Zealand,Sri Lanka,New Zealand,Central Broward Regional Park,22/05/2010
New Zealand,Sri Lanka,Sri Lanka,Central Broward Regional Park,23/05/2010
Zimbabwe,India,India,Harare Sports Club,12/06/2010
Zimbabwe,India,India,Harare Sports Club,13/06/2010
Pakistan,Australia,Pakistan,Edgbaston,05/07/2010
Pakistan,Australia,Pakistan,Edgbaston,06/07/2010
England,Pakistan,England,Sophia Gardens,05/09/2010
England,Pakistan,England,Sophia Gardens,07/09/2010
South Africa,Zimbabwe,South Africa,Mangaung Oval,08/10/2010
South Africa,Zimbabwe,South Africa,Diamond Oval,10/10/2010
Pakistan,South Africa,South Africa,Sheikh Zayed Stadium,26/10/2010
Pakistan,South Africa,South Africa,Sheikh Zayed Stadium,27/10/2010
Australia,Sri Lanka,Sri Lanka,WACA Ground,31/10/2010
New Zealand,Pakistan,New Zealand,Eden Park,26/12/2010
New Zealand,Pakistan,New Zealand,Seddon Park,28/12/2010
New Zealand,Pakistan,Pakistan,AMI Stadium,30/12/2010
South Africa,India,India,Moses Mabhida Stadium,09/01/2011
Australia,England,England,Adelaide Oval,12/01/2011
Australia,England,Australia,Melbourne Cricket Ground,14/01/2011
West Indies,Pakistan,West Indies,Daren Sammy National Cricket Stadium,21/04/2011
West Indies,India,India,Queen's Park Oval,04/06/2011
England,Sri Lanka,Sri Lanka,County Ground (Bristol),25/06/2011
Sri Lanka,Australia,Sri Lanka,Pallekele International Cricket Stadium,06/08/2011
Sri Lanka,Australia,Sri Lanka,Pallekele International Cricket Stadium,08/08/2011
England,India,England,Old Trafford,31/08/2011
Zimbabwe,Pakistan,Pakistan,Harare Sports Club,16/09/2011
Zimbabwe,Pakistan,Pakistan,Harare Sports Club,18/09/2011
England,West Indies,England,Kennington Oval,23/09/2011
England,West Indies,West Indies,Kennington Oval,25/09/2011
Bangladesh,West Indies,Bangladesh,Shere Bangla National Stadium,11/10/2011
South Africa,Australia,Australia,Newlands,13/10/2011
Zimbabwe,New Zealand,New Zealand,Harare Sports Club,15/10/2011
South Africa,Australia,South Africa,Wanderers Stadium,16/10/2011
Zimbabwe,New Zealand,New Zealand,Harare Sports Club,17/10/2011
India,England,England,Eden Gardens,29/10/2011
Pakistan,Sri Lanka,Pakistan,Sheikh Zayed Stadium,25/11/2011
Bangladesh,Pakistan,Pakistan,Shere Bangla National Stadium,29/11/2011
Australia,India,Australia,ANZ Stadium,01/02/2012
Australia,India,India,Melbourne Cricket Ground,03/02/2012
New Zealand,Zimbabwe,New Zealand,Eden Park,11/02/2012
New Zealand,Zimbabwe,New Zealand,Seddon Park,14/02/2012
New Zealand,South Africa,New Zealand,Westpac Stadium,17/02/2012
New Zealand,South Africa,South Africa,Seddon Park,19/02/2012
New Zealand,South Africa,South Africa,Eden Park,22/02/2012
Pakistan,England,Pakistan,Dubai International Cricket Stadium,23/02/2012
Pakistan,England,England,Dubai International Cricket Stadium,25/02/2012
Pakistan,England,England,Sheikh Zayed Stadium,27/02/2012
Afghanistan,Netherlands,Afghanistan,Dubai International Cricket Stadium,14/03/2012
Ireland,Scotland,Ireland,Dubai International Cricket Stadium,18/03/2012
Netherlands,Scotland,Netherlands,ICC Global Cricket Academy,22/03/2012
Ireland,Netherlands,Ireland,Dubai International Cricket Stadium,23/03/2012
Afghanistan,Ireland,Ireland,Dubai International Cricket Stadium,24/03/2012
West Indies,Australia,Australia,Daren Sammy National Cricket Stadium,27/03/2012
South Africa,India,South Africa,Wanderers Stadium,30/03/2012
West Indies,Australia,West Indies,Kensington Oval,30/03/2012
Sri Lanka,Pakistan,Sri Lanka,Mahinda Rajapaksha International Cricket Stadium,01/06/2012
Sri Lanka,Pakistan,Pakistan,Mahinda Rajapaksha International Cricket Stadium,03/06/2012
England,West Indies,England,Trent Bridge,24/06/2012
West Indies,New Zealand,West Indies,Central Broward Regional Park,30/06/2012
West Indies,New Zealand,West Indies,Central Broward Regional Park,01/07/2012
Ireland,Bangladesh,Bangladesh,Civil Service Cricket Club,18/07/2012
Ireland,Bangladesh,Bangladesh,Civil Service Cricket Club,20/07/2012
Ireland,Bangladesh,Bangladesh,Civil Service Cricket Club,21/07/2012
Bangladesh,Scotland,Scotland,Sportpark Westvliet,24/07/2012
Netherlands,Bangladesh,Bangladesh,Sportpark Westvliet,25/07/2012
Netherlands,Bangladesh,Netherlands,Sportpark Westvliet,26/07/2012
Sri Lanka,India,India,Pallekele International Cricket Stadium,07/08/2012
Pakistan,Australia,Pakistan,Dubai International Cricket Stadium,05/09/2012
Pakistan,Australia,Pakistan,Dubai International Cricket Stadium,07/09/2012
England,South Africa,South Africa,Riverside Ground,08/09/2012
India,New Zealand,Match abandoned,Dr YS Rajasekhara Reddy Cricket Stadium,08/09/2012
England,South Africa,No result,Old Trafford,10/09/2012
Pakistan,Australia,Australia,Dubai International Cricket Stadium,10/09/2012
India,New Zealand,New Zealand,MA Chidambaram Stadium,11/09/2012
England,South Africa,England,Edgbaston,12/09/2012
Sri Lanka,Zimbabwe,Sri Lanka,Mahinda Rajapaksha International Cricket Stadium,18/09/2012
Australia,Ireland,Australia,R Premadasa Stadium,19/09/2012
Afghanistan,India,India,R Premadasa Stadium,19/09/2012
South Africa,Zimbabwe,South Africa,Mahinda Rajapaksha International Cricket Stadium,20/09/2012
Bangladesh,New Zealand,New Zealand,Pallekele International Cricket Stadium,21/09/2012
Afghanistan,England,England,R Premadasa Stadium,21/09/2012
Sri Lanka,South Africa,South Africa,Mahinda Rajapaksha International Cricket Stadium,22/09/2012
Australia,West Indies,Australia,R Premadasa Stadium,22/09/2012
New Zealand,Pakistan,Pakistan,Pallekele International Cricket Stadium,23/09/2012
England,India,India,R Premadasa Stadium,23/09/2012
Ireland,West Indies,No result,R Premadasa Stadium,24/09/2012
Bangladesh,Pakistan,Pakistan,Pallekele International Cricket Stadium,25/09/2012
Sri Lanka,New Zealand,Sri Lanka,Pallekele International Cricket Stadium,27/09/2012
England,West Indies,West Indies,Pallekele International Cricket Stadium,27/09/2012
Pakistan,South Africa,Pakistan,R Premadasa Stadium,28/09/2012
Australia,India,Australia,R Premadasa Stadium,28/09/2012
England,New Zealand,England,Pallekele International Cricket Stadium,29/09/2012
Sri Lanka,West Indies,Sri Lanka,Pallekele International Cricket Stadium,29/09/2012
Australia,South Africa,Australia,R Premadasa Stadium,30/09/2012
India,Pakistan,India,R Premadasa Stadium,30/09/2012
New Zealand,West Indies,West Indies,Pallekele International Cricket Stadium,01/10/2012
Sri Lanka,England,Sri Lanka,Pallekele International Cricket Stadium,01/10/2012
Australia,Pakistan,Pakistan,R Premadasa Stadium,02/10/2012
India,South Africa,India,R Premadasa Stadium,02/10/2012
Sri Lanka,Pakistan,Sri Lanka,R Premadasa Stadium,04/10/2012
Australia,West Indies,West Indies,R Premadasa Stadium,05/10/2012
Sri Lanka,West Indies,West Indies,R Premadasa Stadium,07/10/2012
Sri Lanka,New Zealand,No result,Pallekele International Cricket Stadium,30/10/2012
Bangladesh,West Indies,West Indies,Shere Bangla National Stadium,10/12/2012
India,England,India,Maharashtra Cricket Association Stadium,20/12/2012
South Africa,New Zealand,South Africa,Kingsmead,21/12/2012
India,England,England,Wankhede Stadium,22/12/2012
South Africa,New Zealand,New Zealand,Buffalo Park,23/12/2012
India,Pakistan,Pakistan,M Chinnaswamy Stadium,25/12/2012
South Africa,New Zealand,South Africa,St George's Park,26/12/2012
India,Pakistan,India,Narendra Modi Stadium,28/12/2012
Australia,Sri Lanka,Sri Lanka,ANZ Stadium,26/01/2013
Australia,Sri Lanka,Sri Lanka,Melbourne Cricket Ground,28/01/2013
New Zealand,England,England,Eden Park,09/02/2013
New Zealand,England,New Zealand,Seddon Park,12/02/2013
Australia,West Indies,West Indies,Brisbane Cricket Ground,13/02/2013
New Zealand,England,England,Westpac Stadium,15/02/2013
South Africa,Pakistan,Match abandoned,Kingsmead,01/03/2013
West Indies,Zimbabwe,West Indies,Sir Vivian Richards Stadium,02/03/2013
Afghanistan,Scotland,Afghanistan,Sharjah Cricket Stadium,03/03/2013
South Africa,Pakistan,Pakistan,SuperSport Park,03/03/2013
West Indies,Zimbabwe,West Indies,Sir Vivian Richards Stadium,03/03/2013
Afghanistan,Scotland,Afghanistan,Sharjah Cricket Stadium,04/03/2013
Sri Lanka,Bangladesh,Sri Lanka,Pallekele International Cricket Stadium,31/03/2013
Zimbabwe,Bangladesh,Zimbabwe,Queens Sports Club,11/05/2013
Zimbabwe,Bangladesh,Bangladesh,Queens Sports Club,12/05/2013
England,New Zealand,New Zealand,Kennington Oval,25/06/2013
England,New Zealand,No result,Kennington Oval,27/06/2013
West Indies,Pakistan,Pakistan,Arnos Vale Ground,27/07/2013
West Indies,Pakistan,Pakistan,Arnos Vale Ground,28/07/2013
Sri Lanka,South Africa,South Africa,R Premadasa Stadium,02/08/2013
Sri Lanka,South Africa,South Africa,Mahinda Rajapaksha International Cricket Stadium,04/08/2013
Sri Lanka,South Africa,Sri Lanka,Mahinda Rajapaksha International Cricket Stadium,06/08/2013
Zimbabwe,Pakistan,Pakistan,Harare Sports Club,23/08/2013
Zimbabwe,Pakistan,Pakistan,Harare Sports Club,24/08/2013
England,Australia,Australia,The Rose Bowl,29/08/2013
England,Australia,England,Riverside Ground,31/08/2013
India,Australia,India,Saurashtra Cricket Association Stadium,10/10/2013
Bangladesh,New Zealand,New Zealand,Shere Bangla National Stadium,06/11/2013
Pakistan,South Africa,South Africa,Dubai International Cricket Stadium,13/11/2013
Afghanistan,Netherlands,Netherlands,Sharjah Cricket Stadium,15/11/2013
Pakistan,South Africa,South Africa,Dubai International Cricket Stadium,15/11/2013
Afghanistan,Scotland,Afghanistan,Sharjah Cricket Stadium,16/11/2013
Sri Lanka,New Zealand,Match abandoned,Pallekele International Cricket Stadium,19/11/2013
South Africa,Pakistan,South Africa,Wanderers Stadium,20/11/2013
Sri Lanka,New Zealand,Sri Lanka,Pallekele International Cricket Stadium,21/11/2013
South Africa,Pakistan,Pakistan,Newlands,22/11/2013
Netherlands,Scotland,Scotland,ICC Global Cricket Academy,22/11/2013
Netherlands,Scotland,Netherlands,Sheikh Zayed Stadium,28/11/2013
Afghanistan,Ireland,Ireland,Sheikh Zayed Stadium,30/11/2013
Afghanistan,Pakistan,Pakistan,Sharjah Cricket Stadium,08/12/2013
Pakistan,Sri Lanka,Pakistan,Dubai International Cricket Stadium,11/12/2013
Pakistan,Sri Lanka,Sri Lanka,Dubai International Cricket Stadium,13/12/2013
New Zealand,West Indies,New Zealand,Eden Park,11/01/2014
New Zealand,West Indies,New Zealand,Westpac Stadium,15/01/2014
Australia,England,Australia,Bellerive Oval,29/01/2014
Australia,England,Australia,Melbourne Cricket Ground,31/01/2014
Australia,England,Australia,ANZ Stadium,02/02/2014
Bangladesh,Sri Lanka,Sri Lanka,Zahur Ahmed Chowdhury Stadium,12/02/2014
Bangladesh,Sri Lanka,Sri Lanka,Zahur Ahmed Chowdhury Stadium,14/02/2014
West Indies,Ireland,Ireland,Sabina Park,19/02/2014
West Indies,Ireland,West Indies,Sabina Park,21/02/2014
South Africa,Australia,Match abandoned,St George's Park,09/03/2014
West Indies,England,West Indies,Kensington Oval,09/03/2014
West Indies,England,West Indies,Kensington Oval,11/03/2014
South Africa,Australia,Australia,Kingsmead,12/03/2014
West Indies,England,England,Kensington Oval,13/03/2014
South Africa,Australia,Australia,SuperSport Park,14/03/2014
Bangladesh,Afghanistan,Bangladesh,Shere Bangla National Stadium,16/03/2014
Ireland,Zimbabwe,Ireland,Sylhet Stadium,17/03/2014
Netherlands,United Arab Emirates,Netherlands,Sylhet Stadium,17/03/2014
Netherlands,Zimbabwe,Zimbabwe,Sylhet Stadium,19/03/2014
Ireland,United Arab Emirates,Ireland,Sylhet Stadium,19/03/2014
United Arab Emirates,Zimbabwe,Zimbabwe,Sylhet Stadium,20/03/2014
Ireland,Netherlands,Netherlands,Sylhet Stadium,21/03/2014
India,Pakistan,India,Shere Bangla National Stadium,21/03/2014
South Africa,Sri Lanka,Sri Lanka,Zahur Ahmed Chowdhury Stadium,22/03/2014
England,New Zealand,New Zealand,Zahur Ahmed Chowdhury Stadium,22/03/2014
Australia,Pakistan,Pakistan,Shere Bangla National Stadium,23/03/2014
India,West Indies,India,Shere Bangla National Stadium,23/03/2014
New Zealand,South Africa,South Africa,Zahur Ahmed Chowdhury Stadium,24/03/2014
Netherlands,Sri Lanka,Sri Lanka,Zahur Ahmed Chowdhury Stadium,24/03/2014
Bangladesh,West Indies,West Indies,Shere Bangla National Stadium,25/03/2014
Netherlands,South Africa,South Africa,Zahur Ahmed Chowdhury Stadium,27/03/2014
England,Sri Lanka,England,Zahur Ahmed Chowdhury Stadium,27/03/2014
Australia,West Indies,West Indies,Shere Bangla National Stadium,28/03/2014
Bangladesh,India,India,Shere Bangla National Stadium,28/03/2014
Netherlands,New Zealand,New Zealand,Zahur Ahmed Chowdhury Stadium,29/03/2014
England,South Africa,South Africa,Zahur Ahmed Chowdhury Stadium,29/03/2014
Bangladesh,Pakistan,Pakistan,Shere Bangla National Stadium,30/03/2014
Australia,India,India,Shere Bangla National Stadium,30/03/2014
England,Netherlands,Netherlands,Zahur Ahmed Chowdhury Stadium,31/03/2014
New Zealand,Sri Lanka,Sri Lanka,Zahur Ahmed Chowdhury Stadium,31/03/2014
Bangladesh,Australia,Australia,Shere Bangla National Stadium,01/04/2014
Pakistan,West Indies,West Indies,Shere Bangla National Stadium,01/04/2014
Sri Lanka,West Indies,Sri Lanka,Shere Bangla National Stadium,03/04/2014
India,South Africa,India,Shere Bangla National Stadium,04/04/2014
India,Sri Lanka,Sri Lanka,Shere Bangla National Stadium,06/04/2014
England,Sri Lanka,Sri Lanka,Kennington Oval,20/05/2014
West Indies,New Zealand,New Zealand,Windsor Park,05/07/2014
West Indies,New Zealand,West Indies,Windsor Park,06/07/2014
West Indies,Bangladesh,No result,Warner Park,27/08/2014
England,India,England,Edgbaston,07/09/2014
Pakistan,Australia,Australia,Dubai International Cricket Stadium,05/10/2014
Australia,South Africa,South Africa,Adelaide Oval,05/11/2014
Australia,South Africa,Australia,Melbourne Cricket Ground,07/11/2014
Australia,South Africa,Australia,ANZ Stadium,09/11/2014
Pakistan,New Zealand,Pakistan,Dubai International Cricket Stadium,04/12/2014
Pakistan,New Zealand,New Zealand,Dubai International Cricket Stadium,05/12/2014
South Africa,West Indies,West Indies,Newlands,09/01/2015
South Africa,West Indies,West Indies,Wanderers Stadium,11/01/2015
South Africa,West Indies,South Africa,Kingsmead,14/01/2015
Bangladesh,Pakistan,Bangladesh,Shere Bangla National Stadium,24/04/2015
Pakistan,Zimbabwe,Pakistan,Gaddafi Stadium,22/05/2015
Pakistan,Zimbabwe,Pakistan,Gaddafi Stadium,24/05/2015
Ireland,Scotland,Scotland,Bready Cricket Club,18/06/2015
Ireland,Scotland,No result,Bready Cricket Club,19/06/2015
Ireland,Scotland,Scotland,Bready Cricket Club,20/06/2015
Ireland,Scotland,No result,Bready Cricket Club,21/06/2015
England,New Zealand,England,Old Trafford,23/06/2015
Bangladesh,South Africa,South Africa,Shere Bangla National Stadium,05/07/2015
Bangladesh,South Africa,South Africa,Shere Bangla National Stadium,07/07/2015
Scotland,United Arab Emirates,Scotland,Grange Cricket Club,09/07/2015
Afghanistan,Netherlands,Afghanistan,Grange Cricket Club,09/07/2015
Afghanistan,United Arab Emirates,Afghanistan,Grange Cricket Club,10/07/2015
Scotland,Netherlands,Netherlands,Grange Cricket Club,11/07/2015
Netherlands,United Arab Emirates,Netherlands,Grange Cricket Club,12/07/2015
Scotland,Afghanistan,Afghanistan,Grange Cricket Club,12/07/2015
Zimbabwe,India,India,Harare Sports Club,17/07/2015
Zimbabwe,India,Zimbabwe,Harare Sports Club,19/07/2015
Ireland,Netherlands,Netherlands,The Village,25/07/2015
Netherlands,Scotland,Match abandoned,The Village,26/07/2015
Sri Lanka,Pakistan,Pakistan,R Premadasa Stadium,30/07/2015
Sri Lanka,Pakistan,Pakistan,R Premadasa Stadium,01/08/2015
Zimbabwe,New Zealand,New Zealand,Harare Sports Club,09/08/2015
South Africa,New Zealand,South Africa,Kingsmead,14/08/2015
South Africa,New Zealand,New Zealand,SuperSport Park,16/08/2015
England,Australia,England,Sophia Gardens,31/08/2015
Zimbabwe,Pakistan,Pakistan,Harare Sports Club,27/09/2015
Zimbabwe,Pakistan,Pakistan,Harare Sports Club,29/09/2015
India,South Africa,South Africa,Himachal Pradesh Cricket Association Stadium,02/10/2015
India,South Africa,South Africa,Barabati Stadium,05/10/2015
India,South Africa,Match abandoned,Eden Gardens,08/10/2015
Zimbabwe,Afghanistan,Afghanistan,Queens Sports Club,26/10/2015
Zimbabwe,Afghanistan,Afghanistan,Queens Sports Club,28/10/2015
Sri Lanka,West Indies,Sri Lanka,Pallekele International Cricket Stadium,09/11/2015
Sri Lanka,West Indies,West Indies,R Premadasa Stadium,11/11/2015
Bangladesh,Zimbabwe,Bangladesh,Shere Bangla National Stadium,13/11/2015
Bangladesh,Zimbabwe,Zimbabwe,Shere Bangla National Stadium,15/11/2015
Pakistan,England,England,Dubai International Cricket Stadium,26/11/2015
Pakistan,England,England,Dubai International Cricket Stadium,27/11/2015
Pakistan,England,England,Sharjah Cricket Stadium,30/11/2015
New Zealand,Sri Lanka,New Zealand,Bay Oval,07/01/2016
Afghanistan,Zimbabwe,Afghanistan,Sharjah Cricket Stadium,08/01/2016
Afghanistan,Zimbabwe,Afghanistan,Sharjah Cricket Stadium,10/01/2016
New Zealand,Sri Lanka,New Zealand,Eden Park,10/01/2016
Bangladesh,Zimbabwe,Bangladesh,Sheikh Abu Naser Stadium,15/01/2016
New Zealand,Pakistan,Pakistan,Eden Park,15/01/2016
Bangladesh,Zimbabwe,Bangladesh,Sheikh Abu Naser Stadium,17/01/2016
New Zealand,Pakistan,New Zealand,Seddon Park,17/01/2016
Bangladesh,Zimbabwe,Zimbabwe,Sheikh Abu Naser Stadium,20/01/2016
New Zealand,Pakistan,New Zealand,Westpac Stadium,22/01/2016
Bangladesh,Zimbabwe,Zimbabwe,Sheikh Abu Naser Stadium,22/01/2016
Australia,India,India,Adelaide Oval,26/01/2016
Australia,India,India,Melbourne Cricket Ground,29/01/2016
Australia,India,India,Sydney Cricket Ground,31/01/2016
United Arab Emirates,Netherlands,Netherlands,ICC Global Cricket Academy,03/02/2016
United Arab Emirates,Scotland,United Arab Emirates,ICC Global Cricket Academy,04/02/2016
Netherlands,Scotland,Scotland,ICC Global Cricket Academy,05/02/2016
India,Sri Lanka,Sri Lanka,Maharashtra Cricket Association Stadium,09/02/2016
India,Sri Lanka,India,JSCA International Stadium Complex,12/02/2016
United Arab Emirates,Ireland,Ireland,Sheikh Zayed Stadium,14/02/2016
India,Sri Lanka,India,Dr YS Rajasekhara Reddy Cricket Stadium,14/02/2016
United Arab Emirates,Ireland,United Arab Emirates,Sheikh Zayed Stadium,16/02/2016
South Africa,England,South Africa,Newlands,19/02/2016
United Arab Emirates,Afghanistan,United Arab Emirates,Khan Shaheb Osman Ali Stadium,19/02/2016
South Africa,England,South Africa,Wanderers Stadium,21/02/2016
Bangladesh,India,India,Shere Bangla National Stadium,24/02/2016
Sri Lanka,United Arab Emirates,Sri Lanka,Shere Bangla National Stadium,25/02/2016
Bangladesh,United Arab Emirates,Bangladesh,Shere Bangla National Stadium,26/02/2016
India,Pakistan,India,Shere Bangla National Stadium,27/02/2016
Bangladesh,Sri Lanka,Bangladesh,Shere Bangla National Stadium,28/02/2016
Pakistan,United Arab Emirates,Pakistan,Shere Bangla National Stadium,29/02/2016
India,Sri Lanka,India,Shere Bangla National Stadium,01/03/2016
Bangladesh,Pakistan,Bangladesh,Shere Bangla National Stadium,02/03/2016
India,United Arab Emirates,India,Shere Bangla National Stadium,03/03/2016
South Africa,Australia,South Africa,Kingsmead,04/03/2016
Pakistan,Sri Lanka,Pakistan,Shere Bangla National Stadium,04/03/2016
South Africa,Australia,Australia,Wanderers Stadium,06/03/2016
Bangladesh,India,India,Shere Bangla National Stadium,06/03/2016
Afghanistan,Scotland,Afghanistan,Vidarbha Cricket Association Stadium,08/03/2016
Bangladesh,Netherlands,Bangladesh,Himachal Pradesh Cricket Association Stadium,09/03/2016
South Africa,Australia,Australia,Newlands,09/03/2016
Scotland,Zimbabwe,Zimbabwe,Vidarbha Cricket Association Stadium,10/03/2016
Bangladesh,Ireland,No result,Himachal Pradesh Cricket Association Stadium,11/03/2016
Afghanistan,Zimbabwe,Afghanistan,Vidarbha Cricket Association Stadium,12/03/2016
Ireland,Netherlands,Netherlands,Himachal Pradesh Cricket Association Stadium,13/03/2016
India,New Zealand,New Zealand,Vidarbha Cricket Association Stadium,15/03/2016
Bangladesh,Pakistan,Pakistan,Eden Gardens,16/03/2016
England,West Indies,West Indies,Wankhede Stadium,16/03/2016
Afghanistan,Sri Lanka,Sri Lanka,Eden Gardens,17/03/2016
Australia,New Zealand,New Zealand,Himachal Pradesh Cricket Association Stadium,18/03/2016
England,South Africa,England,Wankhede Stadium,18/03/2016
India,Pakistan,India,Eden Gardens,19/03/2016
Afghanistan,South Africa,South Africa,Wankhede Stadium,20/03/2016
Sri Lanka,West Indies,West Indies,M Chinnaswamy Stadium,20/03/2016
Australia,Bangladesh,Australia,M Chinnaswamy Stadium,21/03/2016
New Zealand,Pakistan,New Zealand,Punjab Cricket Association IS Bindra Stadium,22/03/2016
Afghanistan,England,England,Arun Jaitley Stadium,23/03/2016
India,Bangladesh,India,M Chinnaswamy Stadium,23/03/2016
Australia,Pakistan,Australia,Punjab Cricket Association IS Bindra Stadium,25/03/2016
South Africa,West Indies,West Indies,Vidarbha Cricket Association Stadium,25/03/2016
Bangladesh,New Zealand,New Zealand,Eden Gardens,26/03/2016
England,Sri Lanka,England,Arun Jaitley Stadium,26/03/2016
Afghanistan,West Indies,Afghanistan,Vidarbha Cricket Association Stadium,27/03/2016
India,Australia,India,Punjab Cricket Association IS Bindra Stadium,27/03/2016
South Africa,Sri Lanka,South Africa,Arun Jaitley Stadium,28/03/2016
England,New Zealand,England,Arun Jaitley Stadium,30/03/2016
India,West Indies,West Indies,Wankhede Stadium,31/03/2016
England,West Indies,West Indies,Eden Gardens,03/04/2016
Zimbabwe,India,Zimbabwe,Harare Sports Club,18/06/2016
Zimbabwe,India,India,Harare Sports Club,20/06/2016
Zimbabwe,India,India,Harare Sports Club,22/06/2016
England,Sri Lanka,England,The Rose Bowl,05/07/2016
West Indies,India,West Indies,Central Broward Regional Park,27/08/2016
West Indies,India,No result,Central Broward Regional Park,28/08/2016
Sri Lanka,Australia,Australia,Pallekele International Cricket Stadium,06/09/2016
England,Pakistan,Pakistan,Old Trafford,07/09/2016
Sri Lanka,Australia,Australia,R Premadasa Stadium,09/09/2016
Pakistan,West Indies,Pakistan,Dubai International Cricket Stadium,23/09/2016
Pakistan,West Indies,Pakistan,Dubai International Cricket Stadium,24/09/2016
Pakistan,West Indies,Pakistan,Sheikh Zayed Stadium,27/09/2016
United Arab Emirates,Afghanistan,Afghanistan,ICC Global Cricket Academy,14/12/2016
United Arab Emirates,Afghanistan,Afghanistan,Dubai International Cricket Stadium,16/12/2016
United Arab Emirates,Afghanistan,Afghanistan,ICC Global Cricket Academy,18/12/2016
New Zealand,Bangladesh,New Zealand,McLean Park,03/01/2017
New Zealand,Bangladesh,New Zealand,Bay Oval,06/01/2017
New Zealand,Bangladesh,New Zealand,Bay Oval,08/01/2017
Afghanistan,Ireland,Afghanistan,Sheikh Zayed Stadium,14/01/2017
United Arab Emirates,Afghanistan,Afghanistan,Sheikh Zayed Stadium,16/01/2017
Netherlands,Scotland,Scotland,Sheikh Zayed Stadium,17/01/2017
United Arab Emirates,Ireland,Ireland,Dubai International Cricket Stadium,18/01/2017
South Africa,Sri Lanka,South Africa,SuperSport Park,20/01/2017
Ireland,Scotland,Ireland,Dubai International Cricket Stadium,20/01/2017
Afghanistan,Ireland,Afghanistan,Dubai International Cricket Stadium,20/01/2017
South Africa,Sri Lanka,Sri Lanka,Wanderers Stadium,22/01/2017
South Africa,Sri Lanka,Sri Lanka,Newlands,25/01/2017
India,England,England,Green Park,26/01/2017
India,England,India,Vidarbha Cricket Association Stadium,29/01/2017
India,England,India,M Chinnaswamy Stadium,01/02/2017
Australia,Sri Lanka,Sri Lanka,Melbourne Cricket Ground,17/02/2017
New Zealand,South Africa,South Africa,Eden Park,17/02/2017
Australia,Sri Lanka,Sri Lanka,Simmonds Stadium,19/02/2017
Australia,Sri Lanka,Australia,Adelaide Oval,22/02/2017
Afghanistan,Ireland,Afghanistan,Greater Noida Sports Complex Ground,08/03/2017
Afghanistan,Ireland,Afghanistan,Greater Noida Sports Complex Ground,10/03/2017
Afghanistan,Ireland,Afghanistan,Greater Noida Sports Complex Ground,12/03/2017
West Indies,Pakistan,Pakistan,Kensington Oval,26/03/2017
West Indies,Pakistan,Pakistan,Queen's Park Oval,30/03/2017
West Indies,Pakistan,West Indies,Queen's Park Oval,01/04/2017
West Indies,Pakistan,Pakistan,Queen's Park Oval,02/04/2017
Sri Lanka,Bangladesh,Sri Lanka,R Premadasa Stadium,04/04/2017
Sri Lanka,Bangladesh,Bangladesh,R Premadasa Stadium,06/04/2017
West Indies,Afghanistan,West Indies,Warner Park,02/06/2017
West Indies,Afghanistan,West Indies,Warner Park,03/06/2017
West Indies,Afghanistan,West Indies,Warner Park,05/06/2017
England,South Africa,England,The Rose Bowl,21/06/2017
England,South Africa,South Africa,The Cooper Associates County Ground,23/06/2017
England,South Africa,England,Sophia Gardens,25/06/2017
West Indies,India,West Indies,Sabina Park,09/07/2017
Sri Lanka,India,India,R Premadasa Stadium,06/09/2017
England,West Indies,West Indies,Riverside Ground,16/09/2017
India,Australia,India,JSCA International Stadium Complex,07/10/2017
India,Australia,Australia,Barsapara Cricket Stadium,10/10/2017
India,Australia,Match abandoned,Rajiv Gandhi International Stadium,13/10/2017
Pakistan,Sri Lanka,Pakistan,Sheikh Zayed Stadium,26/10/2017
South Africa,Bangladesh,South Africa,Mangaung Oval,26/10/2017
Pakistan,Sri Lanka,Pakistan,Sheikh Zayed Stadium,27/10/2017
South Africa,Bangladesh,South Africa,Senwes Park,29/10/2017
Pakistan,Sri Lanka,Pakistan,Gaddafi Stadium,29/10/2017
India,New Zealand,India,Arun Jaitley Stadium,01/11/2017
India,New Zealand,New Zealand,Saurashtra Cricket Association Stadium,04/11/2017
India,New Zealand,India,Greenfield International Stadium,07/11/2017
India,Sri Lanka,India,Barabati Stadium,20/12/2017
India,Sri Lanka,India,Holkar Cricket Stadium,22/12/2017
India,Sri Lanka,India,Wankhede Stadium,24/12/2017
New Zealand,West Indies,New Zealand,Saxton Oval,29/12/2017
New Zealand,West Indies,No result,Bay Oval,01/01/2018
New Zealand,West Indies,New Zealand,Bay Oval,03/01/2018
New Zealand,Pakistan,New Zealand,Westpac Stadium,22/01/2018
New Zealand,Pakistan,Pakistan,Eden Park,25/01/2018
New Zealand,Pakistan,Pakistan,Bay Oval,28/01/2018
Australia,New Zealand,Australia,Sydney Cricket Ground,03/02/2018
Afghanistan,Zimbabwe,Afghanistan,Sharjah Cricket Stadium,05/02/2018
Afghanistan,Zimbabwe,Afghanistan,Sharjah Cricket Stadium,06/02/2018
Australia,England,Australia,Bellerive Oval,07/02/2018
Australia,England,Australia,Melbourne Cricket Ground,10/02/2018
New Zealand,England,New Zealand,Westpac Stadium,13/02/2018
Bangladesh,Sri Lanka,Sri Lanka,Shere Bangla National Stadium,15/02/2018
New Zealand,Australia,Australia,Eden Park,16/02/2018
South Africa,India,India,Wanderers Stadium,18/02/2018
Bangladesh,Sri Lanka,Sri Lanka,Sylhet Stadium,18/02/2018
New Zealand,England,England,Seddon Park,18/02/2018
South Africa,India,South Africa,SuperSport Park,21/02/2018
New Zealand,Australia,Australia,Eden Park,21/02/2018
South Africa,India,India,Newlands,24/02/2018
Sri Lanka,India,Sri Lanka,R Premadasa Stadium,06/03/2018
Bangladesh,India,India,R Premadasa Stadium,08/03/2018
Sri Lanka,Bangladesh,Bangladesh,R Premadasa Stadium,10/03/2018
Sri Lanka,India,India,R Premadasa Stadium,12/03/2018
Bangladesh,India,India,R Premadasa Stadium,14/03/2018
Sri Lanka,Bangladesh,Bangladesh,R Premadasa Stadium,16/03/2018
Bangladesh,India,India,R Premadasa Stadium,18/03/2018
Pakistan,West Indies,Pakistan,National Stadium (Karachi),01/04/2018
Pakistan,West Indies,Pakistan,National Stadium (Karachi),02/04/2018
Pakistan,West Indies,Pakistan,National Stadium (Karachi),03/04/2018
Afghanistan,Bangladesh,Afghanistan,Rajiv Gandhi International Stadium,03/06/2018
Afghanistan,Bangladesh,Afghanistan,Rajiv Gandhi International Stadium,05/06/2018
Afghanistan,Bangladesh,Afghanistan,Rajiv Gandhi International Stadium,07/06/2018
Netherlands,Ireland,Netherlands,Hazelaarweg,12/06/2018
Scotland,Pakistan,Pakistan,Grange Cricket Club,12/06/2018
Netherlands,Ireland,Netherlands,Hazelaarweg,13/06/2018
Scotland,Pakistan,Pakistan,Grange Cricket Club,13/06/2018
Ireland,Scotland,Ireland,Sportspark Het Schootsveld,17/06/2018
Ireland,Scotland,Match Tied,Sportspark Het Schootsveld,17/06/2018
Netherlands,Scotland,Scotland,VRA Ground,19/06/2018
Netherlands,Scotland,Scotland,VRA Ground,20/06/2018
England,Australia,England,Edgbaston,27/06/2018
Ireland,India,India,The Village,27/06/2018
Ireland,India,India,The Village,29/06/2018
Zimbabwe,Pakistan,Pakistan,Harare Sports Club,01/07/2018
Australia,Pakistan,Australia,Harare Sports Club,02/07/2018
England,India,India,Old Trafford,03/07/2018
Zimbabwe,Australia,Australia,Harare Sports Club,03/07/2018
Zimbabwe,Pakistan,Pakistan,Harare Sports Club,04/07/2018
Australia,Pakistan,Pakistan,Harare Sports Club,05/07/2018
England,India,England,Sophia Gardens,06/07/2018
Zimbabwe,Australia,Australia,Harare Sports Club,06/07/2018
England,India,India,County Ground (Bristol),08/07/2018
Australia,Pakistan,Pakistan,Harare Sports Club,08/07/2018
West Indies,Bangladesh,West Indies,Warner Park,31/07/2018
West Indies,Bangladesh,Bangladesh,Central Broward Regional Park,04/08/2018
West Indies,Bangladesh,Bangladesh,Central Broward Regional Park,05/08/2018
Sri Lanka,South Africa,Sri Lanka,R Premadasa Stadium,14/08/2018
Ireland,Afghanistan,Afghanistan,Bready Cricket Club,20/08/2018
Ireland,Afghanistan,Afghanistan,Bready Cricket Club,22/08/2018
Ireland,Afghanistan,Match abandoned,Bready Cricket Club,24/08/2018
South Africa,Zimbabwe,South Africa,Buffalo Park,09/10/2018
South Africa,Zimbabwe,South Africa,Senwes Park,12/10/2018
South Africa,Zimbabwe,Match abandoned,Willowmoore Park,14/10/2018
United Arab Emirates,Australia,Australia,Tolerance Oval,22/10/2018
Pakistan,Australia,Pakistan,Sheikh Zayed Stadium,24/10/2018
Pakistan,Australia,Pakistan,Dubai International Cricket Stadium,26/10/2018
Sri Lanka,England,England,R Premadasa Stadium,27/10/2018
Pakistan,Australia,Pakistan,Dubai International Cricket Stadium,28/10/2018
Pakistan,New Zealand,Pakistan,Sheikh Zayed Stadium,31/10/2018
Pakistan,New Zealand,Pakistan,Dubai International Cricket Stadium,02/11/2018
India,West Indies,India,Eden Gardens,04/11/2018
Pakistan,New Zealand,Pakistan,Dubai International Cricket Stadium,04/11/2018
India,West Indies,India,Bharat Ratna Shri Atal Bihari Vajpayee Ekana Cricket Stadium,06/11/2018
India,West Indies,India,MA Chidambaram Stadium,11/11/2018
Australia,South Africa,South Africa,Carrara Oval,17/11/2018
Australia,India,Australia,Brisbane Cricket Ground,21/11/2018
Australia,India,No result,Melbourne Cricket Ground,23/11/2018
Australia,India,India,Sydney Cricket Ground,25/11/2018
Bangladesh,West Indies,West Indies,Sylhet Stadium,17/12/2018
Bangladesh,West Indies,Bangladesh,Shere Bangla National Stadium,20/12/2018
Bangladesh,West Indies,West Indies,Shere Bangla National Stadium,22/12/2018
New Zealand,Sri Lanka,New Zealand,Eden Park,11/01/2019
South Africa,Pakistan,South Africa,Newlands,01/02/2019
South Africa,Pakistan,South Africa,Wanderers Stadium,03/02/2019
New Zealand,India,New Zealand,Westpac Stadium,06/02/2019
South Africa,Pakistan,Pakistan,SuperSport Park,06/02/2019
New Zealand,India,India,Eden Park,08/02/2019
New Zealand,India,New Zealand,Seddon Park,10/02/2019
Netherlands,Scotland,Netherlands,Al Amerat Cricket Ground Ministry Turf 1,13/02/2019
Ireland,Scotland,Scotland,Al Amerat Cricket Ground Ministry Turf 1,15/02/2019
Ireland,Netherlands,Ireland,Al Amerat Cricket Ground Ministry Turf 1,17/02/2019
Ireland,Afghanistan,Afghanistan,Rajiv Gandhi International Cricket Stadium,21/02/2019
Ireland,Afghanistan,Afghanistan,Rajiv Gandhi International Cricket Stadium,23/02/2019
India,Australia,Australia,Dr YS Rajasekhara Reddy Cricket Stadium,24/02/2019
Ireland,Afghanistan,Afghanistan,Rajiv Gandhi International Cricket Stadium,24/02/2019
India,Australia,Australia,M Chinnaswamy Stadium,27/02/2019
West Indies,England,England,Daren Sammy National Cricket Stadium,05/03/2019
West Indies,England,England,Warner Park,08/03/2019
West Indies,England,England,Warner Park,10/03/2019
South Africa,Sri Lanka,South Africa,Newlands,19/03/2019
South Africa,Sri Lanka,South Africa,SuperSport Park,22/03/2019
South Africa,Sri Lanka,South Africa,Wanderers Stadium,24/03/2019
England,Pakistan,England,Sophia Gardens,05/05/2019
Netherlands,Zimbabwe,Netherlands,Hazelaarweg,23/06/2019
Netherlands,Zimbabwe,Zimbabwe,Hazelaarweg,25/06/2019
Ireland,Zimbabwe,Match abandoned,Civil Service Cricket Club,10/07/2019
Ireland,Zimbabwe,Ireland,Bready Cricket Club,12/07/2019
Ireland,Zimbabwe,Zimbabwe,Bready Cricket Club,14/07/2019
Netherlands,United Arab Emirates,United Arab Emirates,VRA Ground,03/08/2019
West Indies,India,India,Central Broward Regional Park,03/08/2019
West Indies,India,India,Central Broward Regional Park,04/08/2019
Netherlands,United Arab Emirates,United Arab Emirates,VRA Ground,05/08/2019
Netherlands,United Arab Emirates,United Arab Emirates,Sportpark Westvliet,06/08/2019
West Indies,India,India,Providence Stadium,06/08/2019
Netherlands,United Arab Emirates,United Arab Emirates,Sportpark Westvliet,08/08/2019
Sri Lanka,New Zealand,New Zealand,Pallekele International Cricket Stadium,01/09/2019
Sri Lanka,New Zealand,New Zealand,Pallekele International Cricket Stadium,03/09/2019
Sri Lanka,New Zealand,Sri Lanka,Pallekele International Cricket Stadium,06/09/2019
Bangladesh,Zimbabwe,Bangladesh,Shere Bangla National Stadium,13/09/2019
Afghanistan,Zimbabwe,Afghanistan,Shere Bangla National Stadium,14/09/2019
India,South Africa,Match abandoned,Himachal Pradesh Cricket Association Stadium,15/09/2019
Ireland,Netherlands,Match abandoned,The Village,15/09/2019
Bangladesh,Afghanistan,Afghanistan,Shere Bangla National Stadium,15/09/2019
Netherlands,Scotland,Scotland,The Village,16/09/2019
Ireland,Scotland,Ireland,The Village,17/09/2019
India,South Africa,India,Punjab Cricket Association IS Bindra Stadium,18/09/2019
Bangladesh,Zimbabwe,Bangladesh,Zahur Ahmed Chowdhury Stadium,18/09/2019
Ireland,Netherlands,Netherlands,The Village,18/09/2019
Netherlands,Scotland,Scotland,The Village,19/09/2019
Afghanistan,Zimbabwe,Zimbabwe,Zahur Ahmed Chowdhury Stadium,20/09/2019
Ireland,Scotland,Ireland,The Village,20/09/2019
Bangladesh,Afghanistan,Bangladesh,Zahur Ahmed Chowdhury Stadium,21/09/2019
India,South Africa,South Africa,M Chinnaswamy Stadium,22/09/2019
Bangladesh,Afghanistan,Match abandoned,Shere Bangla National Stadium,24/09/2019
Pakistan,Sri Lanka,Sri Lanka,Gaddafi Stadium,05/10/2019
Ireland,Netherlands,Ireland,Al Amerat Cricket Ground Ministry Turf 1,05/10/2019
Pakistan,Sri Lanka,Sri Lanka,Gaddafi Stadium,07/10/2019
Pakistan,Sri Lanka,Sri Lanka,Gaddafi Stadium,09/10/2019
Namibia,Netherlands,Netherlands,ICC Global Cricket Academy,19/10/2019
United Arab Emirates,Ireland,United Arab Emirates,Sheikh Zayed Stadium,19/10/2019
Namibia,Scotland,Namibia,ICC Global Cricket Academy,22/10/2019
Australia,Sri Lanka,Australia,Adelaide Oval,27/10/2019
Scotland,Netherlands,Netherlands,Dubai International Cricket Stadium,27/10/2019
United Arab Emirates,Netherlands,Netherlands,Dubai International Cricket Stadium,29/10/2019
Australia,Sri Lanka,Australia,Brisbane Cricket Ground,30/10/2019
United Arab Emirates,Scotland,Scotland,Dubai International Cricket Stadium,30/10/2019
New Zealand,England,England,Hagley Oval,01/11/2019
Australia,Sri Lanka,Australia,Melbourne Cricket Ground,01/11/2019
Ireland,Netherlands,Netherlands,Dubai International Cricket Stadium,01/11/2019
Ireland,Namibia,Ireland,Dubai International Cricket Stadium,02/11/2019
Australia,Pakistan,No result,Sydney Cricket Ground,03/11/2019
India,Bangladesh,Bangladesh,Arun Jaitley Stadium,03/11/2019
New Zealand,England,New Zealand,Westpac Stadium,03/11/2019
Australia,Pakistan,Australia,Manuka Oval,05/11/2019
New Zealand,England,New Zealand,Saxton Oval,05/11/2019
India,Bangladesh,India,Saurashtra Cricket Association Stadium,07/11/2019
Australia,Pakistan,Australia,Perth Stadium,08/11/2019
New Zealand,England,England,McLean Park,08/11/2019
India,Bangladesh,India,Vidarbha Cricket Association Stadium,10/11/2019
New Zealand,England,England,Eden Park,10/11/2019
Afghanistan,West Indies,West Indies,Bharat Ratna Shri Atal Bihari Vajpayee Ekana Cricket Stadium,14/11/2019
Afghanistan,West Indies,Afghanistan,Bharat Ratna Shri Atal Bihari Vajpayee Ekana Cricket Stadium,16/11/2019
Afghanistan,West Indies,Afghanistan,Bharat Ratna Shri Atal Bihari Vajpayee Ekana Cricket Stadium,17/11/2019
India,West Indies,India,Rajiv Gandhi International Stadium,06/12/2019
India,West Indies,West Indies,Greenfield International Stadium,08/12/2019
India,West Indies,India,Wankhede Stadium,11/12/2019
India,Sri Lanka,No result,Barsapara Cricket Stadium,05/01/2020
India,Sri Lanka,India,Holkar Cricket Stadium,07/01/2020
India,Sri Lanka,India,Maharashtra Cricket Association Stadium,10/01/2020
West Indies,Ireland,Ireland,National Cricket Stadium (Grenada),15/01/2020
West Indies,Ireland,No result,Warner Park,18/01/2020
West Indies,Ireland,West Indies,Warner Park,19/01/2020
New Zealand,India,India,Eden Park,24/01/2020
Pakistan,Bangladesh,Pakistan,Gaddafi Stadium,24/01/2020
Pakistan,Bangladesh,Pakistan,Gaddafi Stadium,25/01/2020
New Zealand,India,India,Eden Park,26/01/2020
Pakistan,Bangladesh,Match abandoned,Gaddafi Stadium,27/01/2020
New Zealand,India,India,Seddon Park,29/01/2020
New Zealand,India,India,Westpac Stadium,31/01/2020
New Zealand,India,India,Bay Oval,02/02/2020
South Africa,England,South Africa,Buffalo Park,12/02/2020
South Africa,England,England,Kingsmead,14/02/2020
South Africa,England,England,SuperSport Park,16/02/2020
South Africa,Australia,Australia,Wanderers Stadium,21/02/2020
South Africa,Australia,South Africa,St George's Park,23/02/2020
South Africa,Australia,Australia,Newlands,26/02/2020
Sri Lanka,West Indies,West Indies,Pallekele International Cricket Stadium,04/03/2020
Afghanistan,Ireland,Afghanistan,Greater Noida Sports Complex Ground,06/03/2020
Sri Lanka,West Indies,West Indies,Pallekele International Cricket Stadium,06/03/2020
Afghanistan,Ireland,Afghanistan,Greater Noida Sports Complex Ground,08/03/2020
Bangladesh,Zimbabwe,Bangladesh,Shere Bangla National Stadium,09/03/2020
Afghanistan,Ireland,Ireland,Greater Noida Sports Complex Ground,10/03/2020
Bangladesh,Zimbabwe,Bangladesh,Shere Bangla National Stadium,11/03/2020
England,Pakistan,No result,Old Trafford,28/08/2020
England,Pakistan,England,Old Trafford,30/08/2020
England,Pakistan,Pakistan,Old Trafford,01/09/2020
England,Australia,England,The Rose Bowl,04/09/2020
England,Australia,England,The Rose Bowl,06/09/2020
England,Australia,Australia,The Rose Bowl,08/09/2020
Pakistan,Zimbabwe,Pakistan,Rawalpindi Cricket Stadium,07/11/2020
Pakistan,Zimbabwe,Pakistan,Rawalpindi Cricket Stadium,08/11/2020
Pakistan,Zimbabwe,Pakistan,Rawalpindi Cricket Stadium,10/11/2020
New Zealand,West Indies,New Zealand,Eden Park,27/11/2020
South Africa,England,England,Newlands,27/11/2020
New Zealand,West Indies,New Zealand,Bay Oval,29/11/2020
South Africa,England,England,Boland Park,29/11/2020
New Zealand,West Indies,No result,Bay Oval,30/11/2020
South Africa,England,England,Newlands,01/12/2020
Australia,India,India,Manuka Oval,04/12/2020
Australia,India,India,Sydney Cricket Ground,06/12/2020
Australia,India,Australia,Sydney Cricket Ground,08/12/2020
New Zealand,Pakistan,New Zealand,Eden Park,18/12/2020
New Zealand,Pakistan,New Zealand,Seddon Park,20/12/2020
New Zealand,Pakistan,Pakistan,McLean Park,22/12/2020
Pakistan,South Africa,Pakistan,Gaddafi Stadium,11/02/2021
Pakistan,South Africa,South Africa,Gaddafi Stadium,13/02/2021
Pakistan,South Africa,Pakistan,Gaddafi Stadium,14/02/2021
New Zealand,Australia,New Zealand,Hagley Oval,22/02/2021
New Zealand,Australia,New Zealand,University Oval,25/02/2021
West Indies,Sri Lanka,West Indies,Coolidge Cricket Ground,03/03/2021
New Zealand,Australia,Australia,Westpac Stadium,03/03/2021
West Indies,Sri Lanka,Sri Lanka,Coolidge Cricket Ground,05/03/2021
New Zealand,Australia,Australia,Westpac Stadium,05/03/2021
West Indies,Sri Lanka,West Indies,Coolidge Cricket Ground,07/03/2021
New Zealand,Australia,New Zealand,Westpac Stadium,07/03/2021
India,England,England,Narendra Modi Stadium,12/03/2021
India,England,India,Narendra Modi Stadium,14/03/2021
India,England,England,Narendra Modi Stadium,16/03/2021
Afghanistan,Zimbabwe,Afghanistan,Sheikh Zayed Stadium,17/03/2021
India,England,India,Narendra Modi Stadium,18/03/2021
Afghanistan,Zimbabwe,Afghanistan,Sheikh Zayed Stadium,19/03/2021
Afghanistan,Zimbabwe,Afghanistan,Sheikh Zayed Stadium,20/03/2021
India,England,India,Narendra Modi Stadium,20/03/2021
New Zealand,Bangladesh,New Zealand,Seddon Park,28/03/2021
New Zealand,Bangladesh,New Zealand,McLean Park,30/03/2021
New Zealand,Bangladesh,New Zealand,Eden Park,01/04/2021
South Africa,Pakistan,Pakistan,Wanderers Stadium,10/04/2021
South Africa,Pakistan,South Africa,Wanderers Stadium,12/04/2021
South Africa,Pakistan,Pakistan,SuperSport Park,14/04/2021
South Africa,Pakistan,Pakistan,SuperSport Park,16/04/2021
Zimbabwe,Pakistan,Pakistan,Harare Sports Club,21/04/2021
Zimbabwe,Pakistan,Zimbabwe,Harare Sports Club,23/04/2021
Zimbabwe,Pakistan,Pakistan,Harare Sports Club,25/04/2021
England,Sri Lanka,England,Sophia Gardens,23/06/2021
England,Sri Lanka,England,Sophia Gardens,24/06/2021
West Indies,South Africa,West Indies,National Cricket Stadium (Grenada),26/06/2021
England,Sri Lanka,England,The Rose Bowl,26/06/2021
West Indies,South Africa,South Africa,National Cricket Stadium (Grenada),27/06/2021
West Indies,South Africa,South Africa,National Cricket Stadium (Grenada),29/06/2021
West Indies,South Africa,West Indies,National Cricket Stadium (Grenada),01/07/2021
West Indies,South Africa,South Africa,National Cricket Stadium (Grenada),03/07/2021
West Indies,Australia,West Indies,Daren Sammy National Cricket Stadium,09/07/2021
West Indies,Australia,West Indies,Daren Sammy National Cricket Stadium,10/07/2021
West Indies,Australia,West Indies,Daren Sammy National Cricket Stadium,12/07/2021
West Indies,Australia,Australia,Daren Sammy National Cricket Stadium,14/07/2021
West Indies,Australia,West Indies,Daren Sammy National Cricket Stadium,16/07/2021
England,Pakistan,Pakistan,Trent Bridge,17/07/2021
England,Pakistan,England,Headingley,18/07/2021
Ireland,South Africa,South Africa,The Village,19/07/2021
England,Pakistan,England,Old Trafford,20/07/2021
Zimbabwe,Bangladesh,Bangladesh,Harare Sports Club,22/07/2021
Ireland,South Africa,South Africa,Civil Service Cricket Club,22/07/2021
Zimbabwe,Bangladesh,Zimbabwe,Harare Sports Club,23/07/2021
Ireland,South Africa,South Africa,Civil Service Cricket Club,24/07/2021
Sri Lanka,India,India,R Premadasa Stadium,25/07/2021
Zimbabwe,Bangladesh,Bangladesh,Harare Sports Club,25/07/2021
West Indies,Pakistan,No result,Kensington Oval,28/07/2021
Sri Lanka,India,Sri Lanka,R Premadasa Stadium,28/07/2021
Sri Lanka,India,Sri Lanka,R Premadasa Stadium,29/07/2021
West Indies,Pakistan,Pakistan,Providence Stadium,31/07/2021
West Indies,Pakistan,No result,Providence Stadium,01/08/2021
Bangladesh,Australia,Bangladesh,Shere Bangla National Stadium,03/08/2021
West Indies,Pakistan,No result,Providence Stadium,03/08/2021
Bangladesh,Australia,Bangladesh,Shere Bangla National Stadium,04/08/2021
Bangladesh,Australia,Bangladesh,Shere Bangla National Stadium,06/08/2021
Bangladesh,Australia,Australia,Shere Bangla National Stadium,07/08/2021
Bangladesh,Australia,Bangladesh,Shere Bangla National Stadium,09/08/2021
Ireland,Zimbabwe,Zimbabwe,Castle Avenue,27/08/2021
Ireland,Zimbabwe,Ireland,Castle Avenue,29/08/2021
Bangladesh,New Zealand,Bangladesh,Shere Bangla National Stadium,01/09/2021
Ireland,Zimbabwe,Ireland,Bready Cricket Club,01/09/2021
Ireland,Zimbabwe,Ireland,Bready Cricket Club,02/09/2021
Bangladesh,New Zealand,Bangladesh,Shere Bangla National Stadium,03/09/2021
Ireland,Zimbabwe,Zimbabwe,Bready Cricket Club,04/09/2021
Bangladesh,New Zealand,New Zealand,Shere Bangla National Stadium,05/09/2021
Bangladesh,New Zealand,Bangladesh,Shere Bangla National Stadium,08/09/2021
Sri Lanka,South Africa,South Africa,R Premadasa Stadium,10/09/2021
Bangladesh,New Zealand,New Zealand,Shere Bangla National Stadium,10/09/2021
Sri Lanka,South Africa,South Africa,R Premadasa Stadium,12/09/2021
Sri Lanka,South Africa,South Africa,R Premadasa Stadium,14/09/2021
Scotland,Zimbabwe,Scotland,Grange Cricket Club,15/09/2021
Scotland,Zimbabwe,Zimbabwe,Grange Cricket Club,17/09/2021
Scotland,Zimbabwe,Zimbabwe,Grange Cricket Club,19/09/2021
United Arab Emirates,Namibia,Namibia,ICC Global Cricket Academy,05/10/2021
United Arab Emirates,Ireland,Ireland,ICC Global Cricket Academy,07/10/2021
United Arab Emirates,Ireland,United Arab Emirates,ICC Global Cricket Academy,08/10/2021
Namibia,Scotland,Namibia,ICC Global Cricket Academy,09/10/2021
United Arab Emirates,Ireland,United Arab Emirates,ICC Global Cricket Academy,10/10/2021
Bangladesh,Scotland,Scotland,Al Amerat Cricket Ground Ministry Turf 1,17/10/2021
Ireland,Netherlands,Ireland,Sheikh Zayed Stadium,18/10/2021
Namibia,Sri Lanka,Sri Lanka,Sheikh Zayed Stadium,18/10/2021
Namibia,Netherlands,Namibia,Sheikh Zayed Stadium,20/10/2021
Ireland,Sri Lanka,Sri Lanka,Sheikh Zayed Stadium,20/10/2021
Ireland,Namibia,Namibia,Sharjah Cricket Stadium,22/10/2021
Netherlands,Sri Lanka,Sri Lanka,Sharjah Cricket Stadium,22/10/2021
Australia,South Africa,Australia,Sheikh Zayed Stadium,23/10/2021
England,West Indies,England,Dubai International Cricket Stadium,23/10/2021
Bangladesh,Sri Lanka,Sri Lanka,Sharjah Cricket Stadium,24/10/2021
India,Pakistan,Pakistan,Dubai International Cricket Stadium,24/10/2021
Afghanistan,Scotland,Afghanistan,Sharjah Cricket Stadium,25/10/2021
South Africa,West Indies,South Africa,Dubai International Cricket Stadium,26/10/2021
New Zealand,Pakistan,Pakistan,Sharjah Cricket Stadium,26/10/2021
Bangladesh,England,England,Sheikh Zayed Stadium,27/10/2021
Namibia,Scotland,Namibia,Sheikh Zayed Stadium,27/10/2021
Australia,Sri Lanka,Australia,Dubai International Cricket Stadium,28/10/2021
Bangladesh,West Indies,West Indies,Sharjah Cricket Stadium,29/10/2021
Afghanistan,Pakistan,Pakistan,Dubai International Cricket Stadium,29/10/2021
South Africa,Sri Lanka,South Africa,Sharjah Cricket Stadium,30/10/2021
Australia,England,England,Dubai International Cricket Stadium,30/10/2021
Afghanistan,Namibia,Afghanistan,Sheikh Zayed Stadium,31/10/2021
India,New Zealand,New Zealand,Dubai International Cricket Stadium,31/10/2021
England,Sri Lanka,England,Sharjah Cricket Stadium,01/11/2021
Bangladesh,South Africa,South Africa,Sheikh Zayed Stadium,02/11/2021
Namibia,Pakistan,Pakistan,Sheikh Zayed Stadium,02/11/2021
New Zealand,Scotland,New Zealand,Dubai International Cricket Stadium,03/11/2021
Afghanistan,India,India,Sheikh Zayed Stadium,03/11/2021
Australia,Bangladesh,Australia,Dubai International Cricket Stadium,04/11/2021
Sri Lanka,West Indies,Sri Lanka,Sheikh Zayed Stadium,04/11/2021
Namibia,New Zealand,New Zealand,Sharjah Cricket Stadium,05/11/2021
India,Scotland,India,Dubai International Cricket Stadium,05/11/2021
Australia,West Indies,Australia,Sheikh Zayed Stadium,06/11/2021
England,South Africa,South Africa,Sharjah Cricket Stadium,06/11/2021
Afghanistan,New Zealand,New Zealand,Sheikh Zayed Stadium,07/11/2021
Pakistan,Scotland,Pakistan,Sharjah Cricket Stadium,07/11/2021
India,Namibia,India,Dubai International Cricket Stadium,08/11/2021
England,New Zealand,New Zealand,Sheikh Zayed Stadium,10/11/2021
Australia,Pakistan,Australia,Dubai International Cricket Stadium,11/11/2021
Australia,New Zealand,Australia,Dubai International Cricket Stadium,14/11/2021
India,New Zealand,India,Sawai Mansingh Stadium,17/11/2021
Bangladesh,Pakistan,Pakistan,Shere Bangla National Stadium,19/11/2021
India,New Zealand,India,JSCA International Stadium Complex,19/11/2021
Bangladesh,Pakistan,Pakistan,Shere Bangla National Stadium,20/11/2021
India,New Zealand,India,Eden Gardens,21/11/2021
Bangladesh,Pakistan,Pakistan,Shere Bangla National Stadium,22/11/2021
Pakistan,West Indies,Pakistan,National Stadium (Karachi),13/12/2021
Pakistan,West Indies,Pakistan,National Stadium (Karachi),14/12/2021
Pakistan,West Indies,Pakistan,National Stadium (Karachi),16/12/2021
West Indies,England,West Indies,Kensington Oval,22/01/2022
West Indies,England,England,Kensington Oval,23/01/2022
West Indies,England,West Indies,Kensington Oval,26/01/2022
West Indies,England,England,Kensington Oval,29/01/2022
West Indies,England,West Indies,Kensington Oval,30/01/2022
Australia,Sri Lanka,Australia,Sydney Cricket Ground,11/02/2022
Australia,Sri Lanka,Australia,Sydney Cricket Ground,13/02/2022
Ireland,United Arab Emirates,United Arab Emirates,Al Amerat Cricket Ground Ministry Turf 1,13/02/2022
Australia,Sri Lanka,Australia,Manuka Oval,15/02/2022
India,West Indies,India,Eden Gardens,16/02/2022
India,West Indies,India,Eden Gardens,18/02/2022
Australia,Sri Lanka,Australia,Melbourne Cricket Ground,18/02/2022
Ireland,United Arab Emirates,United Arab Emirates,Al Amerat Cricket Ground Ministry Turf 1,18/02/2022
India,West Indies,India,Eden Gardens,20/02/2022
Australia,Sri Lanka,Sri Lanka,Melbourne Cricket Ground,20/02/2022
India,Sri Lanka,India,Bharat Ratna Shri Atal Bihari Vajpayee Ekana Cricket Stadium,24/02/2022
Ireland,United Arab Emirates,United Arab Emirates,Al Amerat Cricket Ground Ministry Turf 1,24/02/2022
India,Sri Lanka,India,Himachal Pradesh Cricket Association Stadium,26/02/2022
India,Sri Lanka,India,Himachal Pradesh Cricket Association Stadium,27/02/2022
Bangladesh,Afghanistan,Bangladesh,Shere Bangla National Stadium,03/03/2022
Bangladesh,Afghanistan,Afghanistan,Shere Bangla National Stadium,05/03/2022
Pakistan,Australia,Australia,Gaddafi Stadium,05/04/2022
Zimbabwe,Namibia,Zimbabwe,Queens Sports Club,17/05/2022
Zimbabwe,Namibia,Namibia,Queens Sports Club,19/05/2022
Zimbabwe,Namibia,Zimbabwe,Queens Sports Club,21/05/2022
Zimbabwe,Namibia,Namibia,Queens Sports Club,22/05/2022
Zimbabwe,Namibia,Namibia,Queens Sports Club,24/05/2022
Sri Lanka,Australia,Australia,R Premadasa Stadium,07/06/2022
Sri Lanka,Australia,Australia,R Premadasa Stadium,08/06/2022
India,South Africa,South Africa,Arun Jaitley Stadium,09/06/2022
Zimbabwe,Afghanistan,Afghanistan,Harare Sports Club,11/06/2022
Sri Lanka,Australia,Sri Lanka,Pallekele International Cricket Stadium,11/06/2022
India,South Africa,South Africa,Barabati Stadium,12/06/2022
Zimbabwe,Afghanistan,Afghanistan,Harare Sports Club,12/06/2022
India,South Africa,India,Dr YS Rajasekhara Reddy Cricket Stadium,14/06/2022
Zimbabwe,Afghanistan,Afghanistan,Harare Sports Club,14/06/2022
India,South Africa,India,Saurashtra Cricket Association Stadium,17/06/2022
India,South Africa,No result,M Chinnaswamy Stadium,19/06/2022
Ireland,India,India,The Village,26/06/2022
Ireland,India,India,The Village,28/06/2022
West Indies,Bangladesh,No result,Windsor Park,02/07/2022
West Indies,Bangladesh,West Indies,Windsor Park,03/07/2022
England,India,India,The Rose Bowl,07/07/2022
West Indies,Bangladesh,West Indies,Providence Stadium,07/07/2022
England,India,India,Edgbaston,09/07/2022
England,India,England,Trent Bridge,10/07/2022
Zimbabwe,Netherlands,Zimbabwe,Queens Sports Club,17/07/2022
Ireland,New Zealand,New Zealand,Civil Service Cricket Club,18/07/2022
Ireland,New Zealand,New Zealand,Civil Service Cricket Club,20/07/2022
Ireland,New Zealand,New Zealand,Civil Service Cricket Club,22/07/2022
England,South Africa,England,County Ground (Bristol),27/07/2022
Scotland,New Zealand,New Zealand,Grange Cricket Club,27/07/2022
England,South Africa,South Africa,Sophia Gardens,28/07/2022
West Indies,India,India,Brian Lara Stadium,29/07/2022
Scotland,New Zealand,New Zealand,Grange Cricket Club,29/07/2022
Zimbabwe,Bangladesh,Zimbabwe,Harare Sports Club,30/07/2022
Zimbabwe,Bangladesh,Bangladesh,Harare Sports Club,31/07/2022
England,South Africa,South Africa,The Rose Bowl,31/07/2022
West Indies,India,West Indies,Warner Park,01/08/2022
West Indies,India,India,Warner Park,02/08/2022
Zimbabwe,Bangladesh,Zimbabwe,Harare Sports Club,02/08/2022
Ireland,South Africa,South Africa,County Ground (Bristol),03/08/2022
Netherlands,New Zealand,New Zealand,Sportpark Westvliet,04/08/2022
Ireland,South Africa,South Africa,County Ground (Bristol),05/08/2022
Netherlands,New Zealand,New Zealand,Sportpark Westvliet,05/08/2022
West Indies,India,India,Central Broward Regional Park,06/08/2022
West Indies,India,India,Central Broward Regional Park,07/08/2022
Ireland,Afghanistan,Ireland,Civil Service Cricket Club,09/08/2022
West Indies,New Zealand,New Zealand,Sabina Park,10/08/2022
Ireland,Afghanistan,Ireland,Civil Service Cricket Club,11/08/2022
West Indies,New Zealand,New Zealand,Sabina Park,12/08/2022
Ireland,Afghanistan,Afghanistan,Civil Service Cricket Club,12/08/2022
West Indies,New Zealand,West Indies,Sabina Park,14/08/2022
Ireland,Afghanistan,Afghanistan,Civil Service Cricket Club,15/08/2022
Ireland,Afghanistan,Ireland,Civil Service Cricket Club,17/08/2022
Afghanistan,Sri Lanka,Afghanistan,Dubai International Cricket Stadium,27/08/2022
India,Pakistan,India,Dubai International Cricket Stadium,28/08/2022
Afghanistan,Bangladesh,Afghanistan,Sharjah Cricket Stadium,30/08/2022
Bangladesh,Sri Lanka,Sri Lanka,Dubai International Cricket Stadium,01/09/2022
Afghanistan,Sri Lanka,Sri Lanka,Sharjah Cricket Stadium,03/09/2022
India,Pakistan,Pakistan,Dubai International Cricket Stadium,04/09/2022
India,Sri Lanka,Sri Lanka,Dubai International Cricket Stadium,06/09/2022
Afghanistan,Pakistan,Pakistan,Sharjah Cricket Stadium,07/09/2022
Afghanistan,India,India,Dubai International Cricket Stadium,08/09/2022
Pakistan,Sri Lanka,Sri Lanka,Dubai International Cricket Stadium,09/09/2022
Pakistan,Sri Lanka,Sri Lanka,Dubai International Cricket Stadium,11/09/2022
India,Australia,Australia,Punjab Cricket Association IS Bindra Stadium,20/09/2022
Pakistan,England,England,National Stadium (Karachi),20/09/2022
Pakistan,England,Pakistan,National Stadium (Karachi),22/09/2022
India,Australia,India,Vidarbha Cricket Association Stadium,23/09/2022
Pakistan,England,England,National Stadium (Karachi),23/09/2022
United Arab Emirates,Bangladesh,Bangladesh,Dubai International Cricket Stadium,25/09/2022
India,Australia,India,Rajiv Gandhi International Stadium,25/09/2022
Pakistan,England,Pakistan,National Stadium (Karachi),25/09/2022
United Arab Emirates,Bangladesh,Bangladesh,Dubai International Cricket Stadium,27/09/2022
India,South Africa,India,Greenfield International Stadium,28/09/2022
Pakistan,England,Pakistan,Gaddafi Stadium,28/09/2022
Pakistan,England,England,Gaddafi Stadium,30/09/2022
India,South Africa,India,Barsapara Cricket Stadium,02/10/2022
Pakistan,England,England,Gaddafi Stadium,02/10/2022
India,South Africa,South Africa,Holkar Cricket Stadium,04/10/2022
Australia,West Indies,Australia,Carrara Oval,05/10/2022
Bangladesh,Pakistan,Pakistan,Hagley Oval,07/10/2022
Australia,West Indies,Australia,Brisbane Cricket Ground,07/10/2022
New Zealand,Pakistan,Pakistan,Hagley Oval,08/10/2022
Australia,England,England,Perth Stadium,09/10/2022
New Zealand,Bangladesh,New Zealand,Hagley Oval,09/10/2022
